time,open,high,low,close,vol
1672531200,1196.13,1204.67,1190.57,1200.34,117762.0685
1672617600,1200.33,1224.29,1193.0,1214.0,252794.14
1672704000,1213.99,1219.89,1204.93,1214.55,205519.4944
1672790400,1214.56,1272.6,1212.71,1256.9,457799.6648
1672876800,1256.91,1259.95,1242.81,1251.24,272805.33
1672963200,1251.25,1276.7,1236.0,1269.14,342344.2023
1673049600,1269.13,1271.09,1261.3,1264.07,129474.2884
1673136000,1264.06,1296.0,1257.77,1290.16,213636.7848
1673222400,1290.15,1344.91,1285.44,1320.39,581727.6968
1673308800,1320.4,1347.69,1316.8,1335.62,459660.2307
1673395200,1335.63,1398.0,1321.04,1389.39,472465.9556
1673481600,1389.4,1438.0,1361.92,1415.92,877712.4492
1673568000,1415.91,1464.0,1401.03,1451.2,499377.8649
1673654400,1451.21,1599.98,1449.14,1549.9,940691.7774
1673740800,1549.91,1566.66,1516.03,1552.52,387832.7138
1673827200,1552.52,1604.5,1521.31,1576.94,574622.8953
1673913600,1576.94,1609.0,1541.15,1565.57,506771.7219
1674000000,1565.56,1610.0,1501.39,1511.43,752534.8857
1674086400,1511.44,1564.43,1509.15,1551.09,308679.4645
1674172800,1551.09,1669.9,1542.02,1658.52,440570.9974
1674259200,1658.53,1679.26,1616.21,1626.66,494248.6009
1674345600,1626.65,1663.89,1604.0,1627.44,431729.6909
1674432000,1627.43,1648.09,1585.29,1626.29,407267.1156
1674518400,1626.28,1641.46,1535.0,1555.97,462275.3243
1674604800,1555.97,1641.0,1518.0,1611.94,646474.9166
1674691200,1611.95,1632.84,1577.43,1601.09,532777.8466
1674777600,1601.08,1621.0,1552.54,1597.62,512093.3875
1674864000,1597.61,1606.83,1555.99,1572.1,313675.6574
1674950400,1572.1,1660.0,1566.33,1644.72,551767.9134
1675036800,1644.73,1647.53,1535.0,1566.2,595055.3281
1675123200,1566.21,1605.18,1561.63,1585.33,348856.6751
1675209600,1585.32,1647.77,1555.18,1641.68,474617.1709
1675296000,1641.67,1714.68,1626.85,1643.12,629188.8874
1675382400,1643.12,1676.0,1625.93,1663.52,464815.032
1675468800,1663.52,1695.29,1645.43,1666.38,308227.1295
1675555200,1666.39,1673.81,1609.3,1629.02,413579.6748
1675641600,1629.01,1658.56,1605.01,1614.29,384119.4197
1675728000,1614.28,1678.37,1613.14,1671.03,451922.4
1675814400,1671.03,1697.91,1630.47,1650.43,417966.2539
1675900800,1650.42,1656.17,1524.4,1545.35,658011.6964
1675987200,1545.35,1555.01,1490.0,1513.06,484654.2199
1676073600,1513.05,1543.0,1505.0,1538.51,289691.5708
1676160000,1538.5,1548.02,1493.08,1514.83,286758.374
1676246400,1514.82,1526.1,1461.93,1505.24,643152.3904
1676332800,1505.25,1569.0,1482.66,1555.71,668964.3768
1676419200,1555.7,1680.0,1542.55,1674.92,581207.8586
1676505600,1674.92,1742.97,1633.72,1637.84,832723.6731
1676592000,1637.83,1722.0,1630.51,1693.87,579934.663
1676678400,1693.81,1713.13,1679.77,1691.62,267305.7813
1676764800,1691.62,1726.59,1666.14,1679.75,401023.0477
1676851200,1679.74,1719.89,1650.56,1703.27,451314.8335
1676937600,1703.27,1716.66,1636.3,1659.76,520354.4688
1677024000,1659.77,1666.95,1595.07,1643.14,528875.4809
1677110400,1643.15,1679.0,1628.75,1650.53,501305.9717
1677196800,1650.52,1664.66,1575.64,1607.8,512515.4982
1677283200,1607.8,1608.98,1557.33,1594.58,290188.0391
1677369600,1594.58,1651.26,1587.76,1641.36,308607.9941
1677456000,1641.37,1665.22,1608.0,1633.45,431861.4129
1677542400,1633.45,1647.52,1596.66,1605.23,393523.1647
1677628800,1605.24,1669.72,1595.0,1665.22,474456.8235
1677715200,1665.23,1677.86,1619.18,1647.86,423023.8082
1677801600,1647.86,1649.25,1544.39,1569.45,742816.5976
1677888000,1569.45,1577.53,1549.12,1566.73,237640.2606
1677974400,1566.74,1588.77,1553.05,1564.58,299240.7415
1678060800,1564.57,1583.49,1554.44,1565.84,307709.3011
1678147200,1565.84,1584.49,1536.14,1561.96,437947.9032
1678233600,1561.95,1570.89,1523.61,1532.38,460101.7658
1678320000,1532.38,1546.45,1408.0,1437.32,718485.1364
1678406400,1437.32,1439.43,1368.39,1426.44,960262.4509
1678492800,1426.43,1478.07,1408.4,1471.97,1374859.6201
1678579200,1471.93,1594.19,1448.3,1580.33,1002355.0929
1678665600,1580.33,1693.49,1565.0,1673.45,1228063.6053
1678752000,1673.44,1780.02,1655.24,1699.4,1283321.2355
1678838400,1699.41,1716.9,1611.0,1649.96,963142.4833
1678924800,1649.95,1691.42,1632.18,1673.73,627985.6119
1679011200,1673.73,1800.0,1662.65,1789.27,907528.2825
1679097600,1789.26,1841.0,1747.47,1758.84,711614.731
1679184000,1758.84,1841.36,1757.92,1780.68,541131.8908
1679270400,1780.67,1803.05,1722.0,1732.78,682848.1248
1679356800,1732.77,1835.0,1717.01,1801.23,742348.4999
1679443200,1801.23,1819.98,1710.12,1734.33,891287.6009
1679529600,1734.34,1857.16,1729.35,1813.79,732061.103
1679616000,1813.78,1818.99,1726.4,1749.57,564770.1417
1679702400,1749.57,1763.23,1713.09,1741.88,355679.3743
1679788800,1741.88,1801.0,1739.31,1773.88,354933.2372
1679875200,1773.88,1780.48,1686.13,1715.22,570563.5023
1679961600,1715.21,1795.73,1701.13,1772.99,536511.3973
1680048000,1773.0,1827.99,1772.48,1793.07,536865.5972
1680134400,1793.06,1829.69,1763.0,1793.61,579690.0394
1680220800,1793.6,1847.28,1777.91,1821.52,554525.4762
1680307200,1821.52,1842.83,1807.81,1820.79,272904.9674
1680393600,1820.8,1824.81,1771.7,1794.51,322122.9385
1680480000,1794.51,1839.99,1762.77,1810.51,628503.6619
1680566400,1810.51,1891.91,1802.01,1870.37,622208.6411
1680652800,1870.38,1942.98,1864.58,1908.69,548595.5155
1680739200,1908.68,1909.91,1853.7,1872.41,396241.4352
1680825600,1872.41,1882.61,1841.46,1863.72,284256.4873
1680912000,1863.73,1879.38,1847.0,1848.82,197905.5407
1680998400,1848.82,1873.99,1824.01,1858.92,287131.3079
1681084800,1858.91,1918.79,1846.4,1910.2,434739.7984
1681171200,1910.21,1937.37,1881.11,1889.86,405203.4892
1681257600,1889.86,1933.0,1852.65,1917.39,630844.4186
1681344000,1917.4,2023.0,1899.55,2012.01,676164.5188
1681430400,2012.0,2128.76,2009.22,2099.99,896307.3934
1681516800,2099.99,2111.85,2071.13,2090.6,321823.7851
1681603200,2090.61,2141.54,2072.72,2118.67,319880.4393
1681689600,2118.66,2120.51,2056.25,2074.0,426972.7071
1681776000,2073.99,2125.0,2051.0,2103.5,414244.6135
1681862400,2103.51,2104.6,1923.03,1933.73,775389.0602
1681948800,1933.74,1982.99,1914.43,1942.98,625336.2495
1682035200,1942.98,1957.27,1825.0,1848.78,688876.6186
1682121600,1848.77,1887.31,1841.64,1874.16,331007.5879
1682208000,1874.17,1882.01,1836.37,1862.0,344514.3444
1682294400,1862.01,1890.0,1806.0,1841.84,447864.0517
1682380800,1841.84,1877.86,1801.66,1866.1,457870.6047
1682467200,1866.1,1964.72,1785.0,1866.01,897709.7298
1682553600,1866.01,1940.96,1861.19,1908.68,727472.9466
1682640000,1908.68,1923.88,1873.94,1890.94,387630.7791
1682726400,1890.93,1918.0,1883.05,1907.8,182046.1406
1682812800,1907.79,1939.0,1866.16,1870.09,355336.4888
1682899200,1870.08,1886.49,1806.12,1830.73,445519.1779
1682985600,1830.73,1881.87,1822.94,1870.08,373753.2027
1683072000,1870.09,1916.52,1842.64,1905.12,465185.2501
1683158400,1905.12,1918.26,1866.71,1877.07,354528.6144
1683244800,1877.07,1998.36,1875.65,1993.3,546608.875
1683331200,1993.3,2019.0,1860.0,1896.33,608106.9915
1683417600,1896.33,1933.33,1867.59,1870.4,413268.8357
1683504000,1870.41,1883.97,1810.73,1847.56,625316.6168
1683590400,1847.55,1861.88,1830.99,1846.52,304396.186
1683676800,1846.53,1887.47,1790.51,1840.84,639933.3855
1683763200,1840.83,1842.02,1772.68,1794.3,522096.0725
1683849600,1794.31,1818.63,1740.0,1807.45,565539.8309
1683936000,1807.45,1817.03,1785.23,1795.11,212895.4373
1684022400,1795.12,1824.0,1789.82,1799.21,218101.0977
1684108800,1799.2,1846.7,1785.05,1816.2,388171.9261
1684195200,1816.21,1832.64,1796.2,1824.21,311238.6786
1684281600,1824.21,1837.5,1783.68,1822.12,352097.9913
1684368000,1822.12,1831.92,1771.12,1800.56,293755.311
1684454400,1800.56,1829.54,1796.81,1812.32,243116.4676
1684540800,1812.31,1828.87,1807.06,1819.42,127754.4349
1684627200,1819.42,1828.98,1797.21,1804.91,161517.8053
1684713600,1804.91,1828.27,1792.01,1817.35,237498.9423
1684800000,1817.36,1872.5,1815.24,1854.05,396869.6097
1684886400,1854.06,1854.09,1777.6,1799.89,420846.1445
1684972800,1799.89,1818.81,1761.41,1805.6,350633.0089
1685059200,1805.61,1838.2,1796.99,1827.79,275690.6854
1685145600,1827.8,1836.12,1812.18,1829.89,138824.9406
1685232000,1829.89,1918.65,1823.6,1908.64,378392.4371
1685318400,1908.64,1927.62,1873.65,1892.6,313593.4942
1685404800,1892.6,1917.0,1881.19,1900.59,272665.8402
1685491200,1900.58,1907.13,1846.95,1873.63,319255.5681
1685577600,1873.63,1889.2,1840.0,1861.78,270496.6097
1685664000,1861.78,1910.0,1847.51,1906.68,313004.0658
1685750400,1906.69,1907.92,1881.6,1892.06,148818.2427
1685836800,1892.05,1914.63,1884.22,1890.01,172683.0119
1685923200,1890.0,1890.63,1778.0,1810.5,555361.2683
1686009600,1810.49,1898.29,1797.18,1884.64,491407.2174
1686096000,1884.65,1897.8,1821.18,1832.13,429196.7064
1686182400,1832.12,1861.28,1828.31,1845.64,189270.4853
1686268800,1845.65,1855.0,1827.0,1840.37,198324.3252
1686355200,1840.37,1844.99,1715.03,1751.53,652324.6695
1686441600,1751.52,1778.25,1738.72,1752.76,219956.2434
1686528000,1752.77,1759.33,1720.0,1742.57,302132.4819
1686614400,1742.57,1770.13,1724.22,1740.12,284268.0018
1686700800,1740.12,1750.03,1630.43,1650.95,415847.327
1686787200,1650.95,1680.91,1626.01,1666.96,370774.7696
1686873600,1666.96,1729.5,1649.86,1717.92,311734.5904
1686960000,1717.91,1770.0,1714.26,1727.76,210914.9216
1687046400,1727.75,1747.84,1712.0,1720.95,156535.0128
1687132800,1720.95,1752.19,1698.0,1737.11,245162.7589
1687219200,1737.1,1796.99,1714.72,1791.99,328855.6846
1687305600,1791.99,1901.0,1787.38,1889.11,613755.8869
1687392000,1889.1,1933.17,1865.98,1872.01,416714.5719
1687478400,1872.0,1936.42,1861.01,1892.63,401147.9324
1687564800,1892.63,1906.0,1864.77,1874.96,226910.2941
1687651200,1874.95,1930.0,1868.83,1898.8,338757.6158
1687737600,1898.8,1909.1,1837.18,1858.97,458743.861
1687824000,1858.97,1912.53,1855.19,1889.58,366634.5707
1687910400,1889.58,1890.19,1816.56,1828.02,337836.5792
1687996800,1828.03,1880.0,1827.84,1851.99,241844.8281
1688083200,1851.99,1948.6,1825.01,1933.79,716538.1035
1688169600,1933.8,1944.56,1909.44,1924.5,178373.3688
1688256000,1924.5,1959.2,1885.75,1937.48,255852.7832
1688342400,1937.49,1976.16,1933.55,1955.54,322102.4295
1688428800,1955.55,1967.08,1931.58,1936.2,205525.0984
1688515200,1936.19,1942.5,1894.51,1910.36,267633.4783
1688601600,1910.35,1958.0,1846.0,1846.17,456362.741
1688688000,1846.17,1878.0,1826.0,1870.91,232944.3466
1688774400,1870.92,1876.0,1842.8,1865.24,125819.8273
1688860800,1865.24,1879.36,1856.15,1862.8,135046.3743
1688947200,1862.81,1905.5,1846.63,1880.4,247868.1494
1689033600,1880.41,1891.99,1862.38,1878.3,177771.6117
1689120000,1878.31,1902.0,1864.37,1871.82,264406.8673
1689206400,1871.82,2012.63,1862.59,2004.49,548861.4207
1689292800,2004.49,2029.11,1898.39,1937.83,498724.0359
1689379200,1937.82,1946.37,1926.23,1931.41,135181.7663
1689465600,1931.41,1943.55,1914.0,1922.11,148667.1051
1689552000,1922.12,1936.18,1873.26,1911.2,277159.0349
1689638400,1911.21,1917.19,1875.73,1897.21,215780.5006
1689724800,1897.21,1922.04,1882.17,1888.63,218045.0005
1689811200,1888.64,1929.05,1878.0,1891.59,292907.5164
1689897600,1891.59,1905.74,1884.64,1891.73,165554.0428
1689984000,1891.73,1897.35,1851.18,1866.52,131901.6487
1690070400,1866.52,1905.25,1857.82,1888.73,153501.0178
1690156800,1888.74,1890.86,1833.19,1850.0,276504.5547
1690243200,1850.0,1868.71,1845.45,1857.66,152251.21
1690329600,1857.66,1888.0,1848.35,1872.0,272090.5333
1690416000,1871.99,1886.11,1854.84,1861.28,163766.4259
1690502400,1861.29,1883.39,1856.52,1874.19,138695.7147
1690588800,1874.2,1886.58,1869.54,1880.46,72867.0269
1690675200,1880.45,1885.3,1848.17,1861.79,158657.5902
1690761600,1861.79,1877.4,1851.02,1856.14,168204.4534
1690848000,1856.13,1875.62,1813.8,1873.47,358476.0966
1690934400,1873.48,1879.74,1821.21,1839.9,254213.0553
1691020800,1839.9,1859.12,1826.0,1835.81,171148.052
1691107200,1835.81,1851.31,1815.74,1830.23,187699.4552
1691193600,1830.24,1839.0,1827.5,1836.48,93657.3255
1691280000,1836.48,1838.58,1825.86,1830.28,90403.9915
1691366400,1830.28,1847.0,1802.0,1829.1,224092.9059
1691452800,1829.1,1876.51,1826.33,1856.3,236336.03
1691539200,1856.3,1871.99,1846.28,1855.35,191926.8343
1691625600,1855.36,1865.95,1845.38,1852.47,127321.4553
1691712000,1852.47,1857.26,1838.05,1848.84,113209.3103
1691798400,1848.84,1854.01,1846.08,1849.93,63292.6476
1691884800,1849.94,1862.0,1834.51,1840.73,120674.1364
1691971200,1840.73,1856.5,1835.0,1845.5,150196.1203
1692057600,1845.5,1847.36,1814.0,1828.98,186081.6989
1692144000,1828.98,1831.52,1798.17,1807.81,205430.7368
1692230400,1807.81,1809.99,1550.0,1681.49,812138.2159
1692316800,1681.49,1699.4,1641.02,1661.59,538083.1018
1692403200,1661.6,1696.72,1654.31,1669.67,231919.0485
1692489600,1669.68,1694.75,1662.03,1685.24,195623.5263
1692576000,1685.23,1688.59,1649.4,1667.55,250835.1518
1692662400,1667.56,1669.38,1580.0,1634.99,402012.045
1692748800,1635.0,1702.11,1629.05,1679.61,374761.1088
1692835200,1679.61,1683.37,1635.28,1661.16,231539.7805
1692921600,1661.16,1677.22,1635.51,1653.8,236261.6898
1693008000,1653.79,1655.59,1644.0,1647.04,79175.425
1693094400,1647.03,1660.24,1646.32,1658.33,87789.9196
1693180800,1658.33,1664.34,1621.75,1653.08,214351.0143
1693267200,1653.08,1745.84,1640.0,1729.42,494371.0823
1693353600,1729.41,1730.93,1694.34,1705.23,202841.4402
1693440000,1705.23,1729.0,1630.0,1645.76,330518.2668
1693526400,1645.77,1654.53,1602.33,1629.12,302406.1686
1693612800,1629.13,1645.0,1628.03,1637.03,102145.9476
1693699200,1637.02,1647.5,1625.14,1635.84,116767.2862
1693785600,1635.84,1644.82,1616.32,1630.51,168010.9056
1693872000,1630.52,1648.02,1609.69,1634.45,204365.4907
1693958400,1634.46,1670.0,1609.2,1633.15,219541.0193
1694044800,1633.15,1660.0,1623.4,1648.11,228558.2782
1694131200,1648.11,1658.93,1616.21,1636.44,221570.0458
1694217600,1636.43,1637.52,1629.74,1635.54,58519.6229
1694304000,1635.53,1635.7,1600.0,1617.42,207957.8428
1694390400,1617.42,1619.0,1531.01,1551.85,417424.8189
1694476800,1551.84,1626.0,1549.67,1592.97,329739.9685
1694563200,1592.97,1619.3,1581.88,1607.62,223409.2889
1694649600,1607.61,1644.29,1607.05,1626.47,275301.1505
1694736000,1626.48,1654.08,1611.42,1641.29,181340.024
1694822400,1641.3,1653.17,1631.31,1634.4,99555.4671
1694908800,1634.4,1635.0,1612.0,1622.48,120227.4117
1694995200,1622.48,1669.5,1603.88,1636.66,279041.6978
1695081600,1636.66,1661.04,1626.32,1643.12,184282.4258
1695168000,1643.13,1649.34,1604.51,1622.26,232844.2347
1695254400,1622.27,1625.3,1567.77,1583.94,240627.544
1695340800,1583.94,1602.68,1576.58,1593.08,124886.091
1695427200,1593.07,1598.24,1587.45,1593.86,64537.1341
1695513600,1593.85,1601.12,1570.01,1580.71,137517.8533
1695600000,1580.71,1597.5,1563.01,1588.33,176706.9277
1695686400,1588.34,1599.78,1580.05,1594.01,125583.0161
1695772800,1594.02,1634.1,1583.5,1598.64,274404.4328
1695859200,1598.63,1668.21,1598.14,1652.99,331409.7015
1695945600,1653.0,1688.0,1648.37,1667.45,251975.6728
1696032000,1667.45,1694.32,1666.19,1670.89,136924.9141
1696118400,1670.89,1751.0,1668.0,1733.79,225611.5868
1696204800,1733.8,1744.0,1636.79,1662.4,378575.6898
1696291200,1662.41,1670.65,1643.0,1656.88,198287.1164
1696377600,1656.88,1657.66,1625.0,1646.58,222861.7167
1696464000,1646.58,1655.47,1606.73,1611.79,237378.7449
1696550400,1611.79,1662.0,1611.68,1645.03,220507.9286
1696636800,1645.03,1647.71,1630.03,1633.57,101241.5732
1696723200,1633.56,1641.4,1616.17,1632.84,149424.6635
1696809600,1632.85,1636.0,1546.0,1580.13,340141.0988
1696896000,1580.13,1594.9,1550.55,1567.63,240659.3287
1696982400,1567.62,1578.43,1544.26,1566.87,260253.9671
1697068800,1566.86,1568.56,1521.0,1539.61,237221.4977
1697155200,1539.61,1575.36,1537.76,1552.16,192205.8736
1697241600,1552.16,1561.72,1544.55,1554.94,100314.6754
1697328000,1554.94,1567.62,1547.44,1557.77,120311.2738
1697414400,1557.78,1639.43,1555.06,1599.42,418510.8644
1697500800,1599.41,1600.53,1551.08,1565.01,234817.0699
1697587200,1565.01,1585.42,1555.88,1563.44,177750.2253
1697673600,1563.45,1574.45,1541.61,1566.57,216217.6675
1697760000,1566.57,1630.4,1561.19,1603.89,315995.792
1697846400,1603.88,1644.53,1592.36,1628.94,176419.4092
1697932800,1628.94,1667.8,1621.1,1663.7,228650.9225
1698019200,1663.69,1800.0,1657.07,1765.46,610931.9663
1698105600,1765.47,1854.38,1756.21,1784.98,674055.1375
1698192000,1784.98,1817.69,1760.0,1787.15,354410.8294
1698278400,1787.15,1865.54,1762.21,1803.38,431169.0453
1698364800,1803.39,1803.91,1744.66,1779.4,274532.6921
1698451200,1779.41,1803.23,1770.0,1776.2,122919.7382
1698537600,1776.21,1811.3,1762.66,1795.14,144110.6508
1698624000,1795.14,1829.84,1777.77,1809.04,277686.192
1698710400,1809.03,1819.41,1780.99,1814.67,258074.5796
1698796800,1814.67,1857.66,1783.19,1846.99,471921.6184
1698883200,1846.99,1875.0,1785.01,1800.8,368738.2193
1698969600,1800.79,1834.58,1777.11,1832.71,315000.2678
1699056000,1832.7,1869.9,1824.03,1855.54,171538.0364
1699142400,1855.54,1912.67,1846.11,1891.71,383106.7628
1699228800,1891.71,1914.23,1868.48,1900.95,328746.2394
1699315200,1900.95,1906.99,1850.32,1885.27,332419.4406
1699401600,1885.26,1904.69,1872.51,1888.12,247881.0997
1699488000,1888.11,2132.0,1882.07,2121.32,1100330.3237
1699574400,2121.33,2136.99,2064.61,2077.72,555573.6495
1699660800,2077.72,2089.6,2030.3,2053.17,370966.0372
1699747200,2053.16,2066.5,2012.1,2044.68,281907.559
1699833600,2044.69,2118.0,2028.49,2053.65,529143.5815
1699920000,2053.65,2064.96,1936.6,1979.39,481909.733
1700006400,1979.4,2062.4,1967.01,2058.48,421870.8032
1700092800,2058.49,2090.4,1939.1,1961.77,545286.1297
1700179200,1961.77,1991.5,1904.0,1960.82,401100.5069
1700265600,1960.82,1971.22,1916.0,1962.6,279368.2208
1700352000,1962.59,2015.75,1942.89,2011.47,251132.6192
1700438400,2011.47,2066.4,1990.0,2021.4,421717.679
1700524800,2021.41,2034.6,1931.43,1933.01,490163.9863
1700611200,1933.01,2092.46,1928.41,2063.21,466120.5109
1700697600,2063.22,2088.94,2040.35,2062.2,250960.6958
1700784000,2062.21,2133.02,2059.37,2080.84,426932.5402
1700870400,2080.84,2090.54,2065.3,2083.09,138847.393
1700956800,2083.1,2094.99,2036.42,2062.33,241262.9136
1701043200,2062.34,2071.24,1985.78,2027.5,326073.2298
1701129600,2027.5,2075.0,1995.15,2048.14,283775.9279
1701216000,2048.14,2075.7,2019.31,2028.81,254843.7319
1701302400,2028.8,2054.75,2020.85,2051.96,243680.0921
1701388800,2051.95,2110.87,2045.04,2087.24,372645.586
1701475200,2087.24,2186.6,2086.25,2164.74,320979.9768
1701561600,2164.75,2217.27,2149.0,2192.95,257879.1136
1701648000,2192.96,2274.28,2191.0,2243.37,565307.7134
1701734400,2243.36,2309.72,2188.33,2293.33,529829.7214
1701820800,2293.33,2312.23,2220.0,2232.7,408338.9056
1701907200,2232.7,2382.8,2222.0,2355.73,485190.0609
1701993600,2355.74,2392.0,2336.34,2358.72,378569.8126
1702080000,2358.71,2403.0,2328.01,2340.49,287771.0664
1702166400,2340.48,2377.47,2320.0,2352.39,200037.2102
1702252800,2352.39,2355.0,2156.62,2225.12,640414.9166
1702339200,2225.11,2244.12,2166.0,2203.46,361588.9087
1702425600,2203.47,2284.02,2144.32,2260.16,418916.6154
1702512000,2260.16,2332.11,2228.2,2315.32,409508.0931
1702598400,2315.32,2317.81,2200.0,2220.5,333552.6328
1702684800,2220.51,2263.4,2210.0,2228.96,199285.923
1702771200,2228.96,2248.68,2191.5,2196.52,225925.7675
1702857600,2196.53,2224.0,2116.6,2219.43,364103.1181
1702944000,2219.44,2255.0,2135.55,2177.91,383551.4049
1703030400,2177.9,2266.0,2156.0,2202.17,416841.6272
1703116800,2202.17,2279.31,2182.98,2239.61,453069.7252
1703203200,2239.6,2343.15,2230.59,2324.54,591357.488
1703289600,2324.54,2330.65,2265.0,2308.2,255626.9352
1703376000,2308.2,2326.19,2245.0,2264.05,307951.076
1703462400,2264.04,2304.8,2253.1,2271.35,286277.1616
1703548800,2271.36,2274.99,2178.45,2230.88,410413.1591
1703635200,2230.88,2392.44,2211.88,2378.35,541537.3574
1703721600,2378.35,2445.8,2335.0,2344.15,580459.982
1703808000,2344.15,2385.41,2255.34,2299.2,450201.2069
1703894400,2299.2,2322.84,2268.0,2291.68,210539.1327
1703980800,2291.68,2321.34,2258.88,2281.87,222175.8779
1704067200,2281.87,2352.37,2265.24,2352.04,216702.6914
1704153600,2352.05,2431.3,2341.0,2355.34,458041.6642
1704240000,2355.35,2385.45,2100.0,2209.72,798729.4869
1704326400,2209.72,2294.69,2201.91,2267.11,448844.055
1704412800,2267.11,2277.21,2206.17,2268.78,405568.0006
1704499200,2268.78,2270.0,2216.4,2240.78,194067.8656
1704585600,2240.77,2258.01,2203.46,2221.42,207138.6927
1704672000,2221.42,2358.2,2166.38,2330.44,539407.5547
1704758400,2330.43,2371.72,2226.78,2344.29,551454.9931
1704844800,2344.3,2643.1,2339.59,2584.38,1038388.666
1704931200,2584.37,2689.39,2566.01,2618.01,838712.2577
1705017600,2618.01,2717.32,2458.0,2522.54,887457.7627
1705104000,2522.55,2590.0,2497.5,2578.19,422061.232
1705190400,2578.18,2578.69,2470.0,2472.87,306207.7463
1705276800,2472.87,2553.82,2470.92,2511.78,315247.8819
1705363200,2511.79,2614.43,2500.05,2587.4,381077.6247
1705449600,2587.41,2592.97,2506.75,2530.19,366281.3477
1705536000,2530.2,2550.0,2428.56,2470.81,452090.1074
1705622400,2470.81,2504.2,2415.2,2492.0,424209.0029
1705708800,2491.99,2492.0,2454.2,2472.01,136620.9577
1705795200,2472.02,2482.18,2452.13,2457.05,122572.1687
1705881600,2457.06,2466.1,2303.59,2314.2,526337.6492
1705968000,2314.19,2352.23,2168.07,2242.6,700105.3314
1706054400,2242.6,2264.6,2196.12,2235.02,359851.1496
1706140800,2235.02,2242.89,2171.3,2218.64,330426.6061
1706227200,2218.64,2282.36,2195.84,2267.68,363566.4255
1706313600,2267.67,2282.94,2251.4,2267.94,145109.3836
1706400000,2267.94,2308.24,2239.89,2256.9,209326.9087
1706486400,2256.9,2322.34,2233.8,2317.6,305528.0776
1706572800,2317.61,2391.98,2297.0,2343.01,372879.5791
1706659200,2343.0,2351.6,2263.57,2283.14,397116.1859
1706745600,2283.15,2311.72,2240.0,2304.28,310997.4538
1706832000,2304.28,2324.74,2281.94,2309.06,238230.511
1706918400,2309.07,2329.98,2292.75,2296.49,133232.845
1707004800,2296.5,2311.0,2266.0,2289.79,171232.0444
1707091200,2289.79,2338.41,2269.11,2301.83,236610.412
1707177600,2301.84,2392.4,2299.0,2372.64,368942.7498
1707264000,2372.63,2444.44,2354.0,2425.1,342791.7013
1707350400,2425.09,2463.15,2411.01,2419.55,338040.0539
1707436800,2419.56,2525.0,2419.16,2486.56,492384.385
1707523200,2486.56,2516.45,2471.57,2500.24,185099.59
1707609600,2500.24,2539.63,2493.45,2507.21,219975.1471
1707696000,2507.22,2665.58,2472.0,2659.99,449501.776
1707782400,2659.99,2686.12,2590.0,2639.99,502447.745
1707868800,2639.99,2786.0,2618.4,2774.81,461670.6944
1707955200,2774.8,2867.65,2759.25,2822.59,481689.1874
1708041600,2822.58,2857.4,2740.0,2801.8,378070.8037
1708128000,2801.81,2804.21,2719.01,2785.93,243302.8759
1708214400,2785.92,2895.0,2764.25,2881.2,367987.8833
1708300800,2881.2,2984.52,2856.93,2944.8,446451.0401
1708387200,2944.8,3033.09,2874.56,3014.81,634681.7471
1708473600,3014.81,3017.15,2868.0,2967.9,595955.0033
1708560000,2967.91,3036.02,2906.51,2971.4,563525.9936
1708646400,2971.4,2993.8,2906.05,2922.24,428826.5787
1708732800,2922.25,3007.48,2906.4,2992.62,243854.0783
1708819200,2992.62,3122.0,2983.61,3112.59,412306.2237
1708905600,3112.6,3196.0,3036.59,3175.94,546722.7747
1708992000,3175.95,3288.14,3160.02,3242.36,625939.1221
1709078400,3242.35,3488.0,3176.16,3383.1,947538.766
1709164800,3383.11,3522.81,3300.0,3340.09,759698.1123
1709251200,3340.1,3450.0,3338.54,3433.43,412788.5773
1709337600,3433.42,3460.04,3390.01,3421.4,283984.9448
1709424000,3421.39,3491.8,3360.0,3487.81,341631.531
1709510400,3487.8,3640.94,3423.78,3627.76,715360.6361
1709596800,3627.75,3822.04,3200.0,3553.65,1392904.864
1709683200,3553.66,3900.0,3499.4,3818.59,969494.71
1709769600,3818.58,3933.81,3735.0,3868.76,540780.675
1709856000,3868.76,3993.75,3820.0,3883.36,646399.2589
1709942400,3883.37,3942.0,3870.01,3905.21,254839.1386
1710028800,3905.2,3964.67,3791.26,3878.47,356664.68
1710115200,3878.47,4086.23,3722.95,4064.8,721554.5139
1710201600,4064.8,4093.92,3828.98,3979.96,632787.3941
1710288000,3979.97,4083.0,3932.23,4004.79,482305.7766
1710374400,4004.79,4010.98,3723.0,3881.7,648237.5245
1710460800,3881.69,3934.02,3570.0,3742.19,947537.4071
1710547200,3742.19,3781.12,3468.8,3523.09,548288.1569
1710633600,3523.09,3678.68,3412.0,3644.71,517790.9936
1710720000,3644.7,3645.02,3454.09,3520.46,570901.2851
1710806400,3520.47,3548.09,3150.88,3158.64,1049629.6936
1710892800,3158.65,3535.24,3056.56,3516.53,1207322.8201
1710979200,3516.53,3587.32,3412.0,3492.85,602755.2072
1711065600,3492.84,3542.52,3250.0,3336.35,558848.888
1711152000,3336.35,3435.48,3270.08,3329.53,323675.9448
1711238400,3329.53,3471.22,3298.76,3454.98,260824.1408
1711324800,3454.99,3666.0,3420.12,3590.42,548577.6942
1711411200,3590.43,3678.86,3542.62,3587.33,499013.8384
1711497600,3587.32,3665.84,3460.02,3501.19,443195.3297
1711584000,3501.2,3611.78,3465.0,3560.49,404654.0311
1711670400,3560.49,3584.37,3445.91,3509.74,323086.179
1711756800,3509.74,3565.81,3485.0,3505.64,216025.2634
1711843200,3505.65,3655.32,3505.09,3645.29,243464.9877
1711929600,3645.29,3645.95,3413.71,3503.8,408854.1225
1712016000,3503.8,3505.6,3212.0,3278.96,623264.6476
1712102400,3278.96,3367.4,3202.79,3310.83,410484.1933
1712188800,3310.83,3443.93,3250.92,3327.4,356338.5716
1712275200,3327.39,3350.0,3210.0,3317.85,344556.7983
1712361600,3317.85,3398.42,3306.68,3351.59,183312.2125
1712448000,3351.59,3459.94,3344.08,3454.2,210459.0752
1712534400,3454.2,3730.71,3406.36,3694.61,496841.3532
1712620800,3694.61,3727.34,3450.46,3506.39,457592.252
1712707200,3506.4,3562.95,3411.82,3545.64,389404.9055
1712793600,3545.64,3618.3,3474.52,3502.52,338139.5534
1712880000,3502.52,3552.4,3100.0,3237.43,697327.1174
1712966400,3237.42,3301.9,2852.0,3007.01,994971.2354
1713052800,3007.01,3174.23,2906.73,3155.11,737580.4666
1713139200,3155.11,3277.85,3023.19,3101.99,605430.8863
1713225600,3102.0,3128.01,2986.0,3084.22,526113.855
1713312000,3084.21,3123.75,2914.47,2985.41,491897.5661
1713398400,2985.41,3094.4,2950.98,3064.4,389060.7133
1713484800,3064.4,3128.89,2865.18,3056.46,607850.4019
1713571200,3056.45,3171.88,3018.75,3155.79,242577.6371
1713657600,3155.79,3197.18,3116.49,3147.67,219970.5072
1713744000,3147.66,3235.0,3129.15,3200.2,290879.9569
1713830400,3200.19,3263.61,3152.0,3219.46,253914.2263
1713916800,3219.46,3293.56,3104.9,3140.8,393314.3414
1714003200,3140.79,3191.64,3072.2,3155.8,352288.5502
1714089600,3155.81,3167.7,3102.0,3131.3,252522.655
1714176000,3131.3,3285.0,3066.74,3255.56,323811.1919
1714262400,3255.55,3357.4,3250.45,3263.45,304766.009
1714348800,3263.44,3286.95,3115.13,3216.73,421831.2912
1714435200,3216.74,3250.95,2921.0,3014.05,561717.4866
1714521600,3014.04,3023.24,2817.0,2972.46,624963.7773
1714608000,2972.46,3016.72,2893.26,2986.19,365939.7191
1714694400,2986.19,3126.99,2958.32,3102.61,355825.8391
1714780800,3102.61,3168.0,3092.85,3117.23,196263.9488
1714867200,3117.24,3171.93,3072.99,3136.41,218760.2662
1714953600,3136.4,3221.4,3046.35,3062.6,355135.3027
1715040000,3062.59,3129.85,2998.0,3005.69,298796.6829
1715126400,3005.69,3038.15,2936.48,2974.21,266934.8125
1715212800,2974.2,3059.0,2950.77,3036.23,238561.7462
1715299200,3036.24,3053.89,2878.03,2909.99,327855.8758
1715385600,2909.98,2945.67,2886.46,2912.45,138163.1087
1715472000,2912.45,2955.2,2901.17,2929.29,107670.6323
1715558400,2929.3,2996.4,2864.76,2950.99,368664.7648
1715644800,2950.99,2960.6,2862.0,2881.93,269675.3037
1715731200,2881.93,3041.36,2863.75,3032.55,350254.3188
1715817600,3032.55,3041.24,2922.8,2944.7,293874.1513
1715904000,2944.7,3120.0,2933.06,3092.01,357724.7731
1715990400,3092.0,3146.98,3083.61,3122.94,199976.5456
1716076800,3122.94,3136.64,3053.38,3071.19,166145.0102
1716163200,3071.2,3694.0,3047.67,3661.78,847107.8828
1716249600,3661.79,3841.54,3624.28,3789.6,952437.2694
1716336000,3789.59,3813.69,3653.15,3737.73,574938.3099
1716422400,3737.72,3949.29,3498.0,3783.61,1127866.076
1716508800,3783.6,3829.61,3626.1,3728.28,479418.4318
1716595200,3728.28,3779.43,3709.03,3749.26,158711.8992
1716681600,3749.25,3884.2,3731.17,3826.47,292208.2937
1716768000,3826.47,3977.0,3823.37,3894.22,363717.6473
1716854400,3894.21,3931.09,3773.9,3844.69,416249.8344
1716940800,3844.69,3888.55,3742.59,3767.43,334759.6348
1717027200,3767.44,3825.35,3702.58,3747.91,277034.2894
1717113600,3747.9,3849.94,3723.75,3762.29,273406.766
1717200000,3762.29,3833.3,3752.67,3815.82,132687.2006
1717286400,3815.82,3838.59,3752.62,3780.91,210295.4407
1717372800,3780.92,3849.99,3758.43,3767.06,248848.702
1717459200,3767.07,3831.65,3730.0,3810.23,232063.7468
1717545600,3810.23,3887.47,3777.33,3865.99,273738.6035
1717632000,3866.0,3878.6,3760.0,3813.46,237504.1905
1717718400,3813.47,3841.39,3600.0,3678.32,362223.3594
1717804800,3678.31,3709.5,3660.08,3681.57,140550.8394
1717891200,3681.58,3721.52,3666.36,3706.4,103451.102
1717977600,3706.4,3713.67,3642.74,3667.85,156363.1846
1718064000,3667.85,3673.0,3432.0,3497.33,439568.5978
1718150400,3497.33,3659.01,3462.07,3560.12,387043.774
1718236800,3560.13,3561.65,3428.0,3469.4,300230.8299
1718323200,3469.4,3532.61,3362.26,3481.8,322316.4214
1718409600,3481.8,3594.39,3473.1,3568.74,246649.5894
1718496000,3568.75,3653.79,3541.05,3624.41,149839.982
1718582400,3624.41,3638.37,3463.39,3511.46,337805.6402
1718668800,3511.47,3517.2,3355.0,3483.42,449913.3014
1718755200,3483.42,3590.01,3465.65,3560.51,321500.0027
1718841600,3560.51,3625.96,3486.0,3513.08,329117.8453
1718928000,3513.08,3547.55,3446.82,3518.5,342155.102
1719014400,3518.5,3521.19,3475.09,3495.75,115774.6157
1719100800,3495.76,3521.45,3406.38,3420.91,133411.4304
1719187200,3420.91,3435.76,3240.0,3352.73,543370.4229
1719273600,3352.74,3430.88,3336.76,3394.91,240036.2236
1719360000,3394.91,3426.75,3325.01,3371.44,206949.3418
1719446400,3371.77,3477.0,3361.74,3450.44,201041.6609
1719532800,3450.44,3487.7,3365.22,3380.15,221634.3435
1719619200,3380.15,3408.32,3371.86,3378.8,88329.7651
1719705600,3378.8,3460.0,3352.66,3438.16,141221.6185
1719792000,3438.16,3524.94,3423.78,3442.2,224273.2122
1719878400,3442.2,3464.12,3402.0,3421.35,137932.7014
1719964800,3421.35,3432.1,3251.0,3295.48,310408.451
1720051200,3295.49,3313.45,3050.34,3059.7,450402.5692
1720137600,3059.7,3110.0,2810.0,2981.78,886994.3753
1720224000,2981.79,3081.78,2955.06,3066.83,214487.9713
1720310400,3066.83,3073.08,2922.24,2931.0,179892.7612
1720396800,2930.99,3097.06,2822.8,3019.01,500445.0105
1720483200,3019.01,3115.2,3004.0,3066.65,280358.1424
1720569600,3066.65,3151.51,3024.0,3101.05,270827.0844
1720656000,3101.06,3217.24,3054.76,3099.57,289229.32
1720742400,3099.57,3157.89,3045.58,3133.88,185745.1825
1720828800,3133.89,3201.8,3113.37,3175.93,119302.4769
1720915200,3175.93,3268.72,3163.67,3245.08,165430.7716
1721001600,3245.2,3493.63,3233.22,3483.39,314296.8452
1721088000,3483.2,3498.59,3346.55,3444.13,376128.7869
1721174400,3444.14,3517.0,3376.0,3387.05,297812.5162
1721260800,3387.05,3489.98,3367.2,3426.5,241950.3457
1721347200,3426.49,3540.27,3377.0,3503.53,299511.6422
1721433600,3503.53,3539.65,3480.0,3517.5,147510.8165
1721520000,3517.5,3547.0,3411.4,3535.92,218890.9656
1721606400,3535.93,3562.82,3422.34,3439.6,207859.5043
1721692800,3439.61,3541.0,3389.0,3482.51,500568.7811
1721779200,3482.51,3487.82,3300.0,3335.81,275479.0506
1721865600,3335.82,3342.5,3087.53,3175.48,494282.6398
1721952000,3175.47,3286.36,3171.0,3274.61,260237.4641
1722038400,3274.6,3327.59,3191.01,3249.01,231991.9037
1722124800,3249.0,3284.3,3198.11,3270.16,103529.8329
1722211200,3270.16,3396.77,3258.0,3317.66,318471.5055
1722297600,3317.66,3366.4,3233.18,3279.21,197277.1641
1722384000,3279.2,3350.0,3213.75,3232.74,233711.3352
1722470400,3232.74,3242.57,3080.02,3203.4,323285.6105
1722556800,3203.4,3218.6,2967.0,2989.61,385704.0395
1722643200,2989.61,3018.02,2859.0,2903.64,344595.3157
1722729600,2903.65,2935.46,2630.0,2688.92,512064.2612
1722816000,2688.91,2697.44,2111.0,2419.59,2670604.1003
1722902400,2419.76,2556.23,2414.19,2461.33,642283.8038
1722988800,2461.33,2551.32,2309.04,2342.8,630115.4228
1723075200,2342.79,2724.1,2320.4,2682.5,586502.8754
1723161600,2682.5,2707.98,2552.61,2598.78,406739.9611
1723248000,2598.79,2644.7,2576.49,2609.92,171012.3619
1723334400,2609.92,2720.0,2540.0,2555.38,297098.9145
1723420800,2555.38,2750.0,2510.05,2722.3,483414.2506
1723507200,2722.3,2738.4,2611.37,2702.44,325668.6964
1723593600,2702.44,2780.0,2632.2,2661.45,338808.7141
1723680000,2661.45,2675.6,2515.71,2569.89,356546.8059
1723766400,2569.9,2630.97,2550.04,2592.73,270684.1373
1723852800,2592.72,2629.69,2587.5,2614.51,89348.676
1723939200,2614.51,2689.16,2594.53,2612.15,174074.0585
1724025600,2612.15,2648.08,2563.58,2636.36,224867.1336
1724112000,2636.36,2695.0,2555.0,2572.82,281315.8751
1724198400,2572.81,2663.74,2536.22,2630.71,245286.6218
1724284800,2630.71,2644.69,2584.2,2622.88,199063.1196
1724371200,2622.89,2799.13,2621.4,2762.48,401786.4447
1724457600,2762.49,2820.0,2731.26,2768.0,263542.9441
1724544000,2768.01,2792.28,2733.21,2746.13,154527.2352
1724630400,2746.12,2762.0,2666.66,2680.49,211708.1247
1724716800,2680.49,2699.98,2392.96,2457.33,412660.7197
1724803200,2457.33,2554.6,2418.8,2528.33,451266.634
1724889600,2528.33,2595.4,2505.88,2527.61,237002.9632
1724976000,2527.6,2552.17,2431.14,2526.0,338379.1941
1725062400,2525.99,2533.95,2491.92,2513.01,97946.1147
1725148800,2513.0,2516.28,2400.0,2425.72,223127.776
1725235200,2425.71,2564.83,2423.52,2538.01,262632.8385
1725321600,2538.0,2553.6,2411.12,2425.29,224793.1299
1725408000,2425.28,2490.0,2306.65,2450.71,384179.3854
1725494400,2450.71,2466.0,2348.04,2368.81,278549.0969
1725580800,2368.81,2408.83,2150.55,2225.23,643027.111
1725667200,2225.24,2311.27,2220.98,2273.58,219453.2076
1725753600,2273.58,2333.58,2240.94,2297.3,192775.6493
1725840000,2297.3,2381.41,2272.8,2359.5,321698.99
1725926400,2359.51,2400.0,2320.41,2388.52,224382.1729
1726012800,2388.52,2389.32,2277.68,2340.55,282898.3125
1726099200,2340.54,2391.93,2315.39,2361.76,202611.1308
1726185600,2361.75,2464.82,2337.35,2439.19,253888.616
1726272000,2439.19,2440.6,2376.72,2417.79,122931.2302
1726358400,2417.8,2430.32,2283.75,2316.1,174364.1946
1726444800,2316.09,2335.7,2252.39,2295.68,330555.232
1726531200,2295.67,2393.63,2263.29,2341.8,274206.2588
1726617600,2341.79,2376.14,2277.34,2374.75,292917.6008
1726704000,2374.74,2494.95,2372.6,2465.21,326746.032
1726790400,2465.21,2571.93,2437.31,2561.4,340754.5912
1726876800,2561.4,2623.34,2528.97,2612.4,154757.8773
1726963200,2612.4,2632.57,2524.58,2581.0,214266.3257
1727049600,2580.99,2702.82,2539.49,2646.97,333282.0149
1727136000,2646.98,2670.96,2591.56,2653.2,288600.0402
1727222400,2653.2,2673.5,2554.05,2579.95,220343.4293
1727308800,2580.09,2666.22,2559.2,2632.26,278686.3573
1727395200,2632.25,2728.6,2615.21,2694.43,281826.9792
1727481600,2694.43,2704.35,2650.0,2675.21,137230.0342
1727568000,2675.21,2683.7,2629.73,2657.62,160554.3146
1727654400,2657.62,2663.5,2575.0,2602.23,282475.7961
1727740800,2602.24,2659.0,2414.0,2447.79,502828.6804
1727827200,2447.78,2499.0,2352.0,2364.1,317484.735
1727913600,2364.09,2403.38,2310.0,2349.8,314635.9263
1728000000,2349.8,2441.64,2339.15,2414.41,239383.017
1728086400,2414.41,2428.23,2390.05,2414.66,103740.2316
1728172800,2414.66,2457.8,2407.0,2440.03,105752.7096
1728259200,2440.02,2521.0,2403.0,2422.71,300459.5407
1728345600,2422.7,2466.66,2401.18,2440.89,201358.3312
1728432000,2440.88,2473.61,2351.42,2370.47,242082.2725
1728518400,2370.47,2421.36,2330.66,2386.49,257862.9619
1728604800,2386.49,2471.45,2381.86,2439.5,235441.2197
1728691200,2439.49,2490.51,2434.35,2476.4,139637.5062
1728777600,2476.4,2484.92,2436.4,2468.91,120022.8179
1728864000,2468.92,2654.0,2443.39,2629.79,435900.1619
1728950400,2629.79,2688.6,2537.36,2607.41,416285.6663
1729036800,2607.41,2647.79,2588.67,2611.1,260322.4242
1729123200,2611.1,2648.37,2575.4,2605.8,221624.5434
1729209600,2605.79,2675.58,2596.49,2642.17,292444.1153
1729296000,2642.17,2663.49,2631.02,2648.2,105413.7646
1729382400,2648.2,2759.0,2635.54,2746.91,256910.7448
1729468800,2746.91,2769.48,2655.01,2666.7,310674.7232
1729555200,2666.71,2671.92,2606.56,2622.81,265747.713
1729641600,2622.81,2628.2,2450.0,2524.61,352647.7086
1729728000,2524.6,2562.65,2507.31,2535.82,290851.7842
1729814400,2535.82,2566.33,2382.59,2440.62,514799.8822
1729900800,2440.63,2508.0,2430.12,2482.51,248724.8313
1729987200,2482.51,2527.99,2464.13,2507.8,137580.8836
1730073600,2507.8,2589.67,2471.67,2567.48,360605.327
1730160000,2567.49,2681.86,2561.2,2638.8,451915.7025
1730246400,2638.8,2722.3,2599.66,2659.19,460627.126
1730332800,2659.19,2669.0,2503.0,2518.61,403427.2017
1730419200,2518.61,2586.8,2467.67,2511.49,430249.1073
1730505600,2511.49,2523.45,2470.0,2494.23,145961.13
1730592000,2494.23,2496.39,2411.0,2457.73,276009.1197
1730678400,2457.73,2491.39,2357.59,2398.21,306316.9645
1730764800,2398.21,2480.0,2380.74,2422.55,331619.2545
1730851200,2422.6,2744.7,2420.3,2721.87,1002141.3618
1730937600,2721.88,2916.11,2699.49,2895.47,730845.9524
1731024000,2895.47,2981.69,2886.4,2961.75,568864.435
1731110400,2961.75,3157.4,2953.71,3126.21,526719.4212
1731196800,3126.2,3248.52,3069.0,3183.21,865536.7322
1731283200,3183.2,3387.61,3105.0,3371.59,1000093.9664
1731369600,3371.59,3442.5,3207.67,3243.8,973215.7285
1731456000,3243.79,3331.0,3116.69,3187.16,919686.3747
1731542400,3187.16,3240.4,3028.56,3058.82,605780.6662
1731628800,3058.81,3131.06,3014.5,3090.01,519623.6317
1731715200,3090.01,3219.97,3072.0,3132.87,423639.1573
1731801600,3132.88,3162.11,3034.99,3076.0,449818.9575
1731888000,3075.99,3224.94,3050.01,3207.8,640658.4357
1731974400,3207.81,3221.2,3065.4,3107.44,500112.0194
1732060800,3107.45,3159.2,3029.41,3069.97,503607.8336
1732147200,3069.97,3386.73,3032.59,3355.81,974923.3035
1732233600,3355.88,3425.92,3257.54,3327.78,603273.7093
1732320000,3327.78,3497.51,3312.72,3393.91,721024.0009
1732406400,3393.91,3450.0,3281.4,3361.2,479098.0921
1732492800,3361.21,3546.66,3300.01,3414.49,949330.37
1732579200,3414.49,3462.49,3252.0,3324.73,672367.1503
1732665600,3324.74,3684.92,3302.4,3653.28,754573.6485
1732752000,3653.27,3661.92,3529.76,3578.79,560976.425
1732838400,3578.8,3647.98,3534.28,3592.21,425493.2449
1732924800,3592.22,3738.98,3568.4,3703.6,503684.7485
